{"mean":{"confidence_interval":{"confidence_level":0.95,"lower_bound":-0.03406500136626039,"upper_bound":-0.02309183534118053},"point_estimate":-0.028494056577103133,"standard_error":0.002801841050749784},"median":{"confidence_interval":{"confidence_level":0.95,"lower_bound":-0.03167300364615455,"upper_bound":-0.023007783840728435},"point_estimate":-0.02784820721287995,"standard_error":0.0022372701452553845}}