{"mean":{"confidence_interval":{"confidence_level":0.95,"lower_bound":-0.01492473870622174,"upper_bound":-0.004577861570298078},"point_estimate":-0.009535109614014936,"standard_error":0.0026461673719252858},"median":{"confidence_interval":{"confidence_level":0.95,"lower_bound":-0.018280106391014184,"upper_bound":-0.007100988923551599},"point_estimate":-0.013745240324070429,"standard_error":0.0026386502005984556}}