{"mean":{"confidence_interval":{"confidence_level":0.95,"lower_bound":-0.007059112594969616,"upper_bound":0.0028888464235587996},"point_estimate":-0.002090929162484434,"standard_error":0.002544679382732702},"median":{"confidence_interval":{"confidence_level":0.95,"lower_bound":-0.004859096379707051,"upper_bound":0.0028802392545973056},"point_estimate":-0.00019253709608912928,"standard_error":0.002040528505986589}}