{"mean":{"confidence_interval":{"confidence_level":0.95,"lower_bound":-0.020153058570175877,"upper_bound":-6.480444258647979e-6},"point_estimate":-0.0094700569006817,"standard_error":0.0051631525219750255},"median":{"confidence_interval":{"confidence_level":0.95,"lower_bound":-0.014339278003290268,"upper_bound":-0.0002702997372702187},"point_estimate":-0.006272887020894902,"standard_error":0.0036812556353518805}}