{"mean":{"confidence_interval":{"confidence_level":0.95,"lower_bound":0.030276826379083157,"upper_bound":0.04881732154200432},"point_estimate":0.03884688691933702,"standard_error":0.0047425076461679065},"median":{"confidence_interval":{"confidence_level":0.95,"lower_bound":0.023706892630541265,"upper_bound":0.03831726747133524},"point_estimate":0.02913502609695806,"standard_error":0.0036017246445242037}}