{"mean":{"confidence_interval":{"confidence_level":0.95,"lower_bound":-0.018895899926958632,"upper_bound":-0.003743861816802219},"point_estimate":-0.011691637730590898,"standard_error":0.0038414362287349547},"median":{"confidence_interval":{"confidence_level":0.95,"lower_bound":-0.023153546994566156,"upper_bound":-0.007230300973823156},"point_estimate":-0.013290637479446477,"standard_error":0.004215382290357409}}