{"mean":{"confidence_interval":{"confidence_level":0.95,"lower_bound":-0.009804051446093545,"upper_bound":-0.0016733074046807665},"point_estimate":-0.005778114327552375,"standard_error":0.0020771884096747175},"median":{"confidence_interval":{"confidence_level":0.95,"lower_bound":-0.009328369171940243,"upper_bound":0.00010649373486648628},"point_estimate":-0.004314013564326147,"standard_error":0.002363192965606025}}