{"mean":{"confidence_interval":{"confidence_level":0.95,"lower_bound":0.005787876223532934,"upper_bound":0.018011491168674836},"point_estimate":0.011569108925150173,"standard_error":0.0030548811113692885},"median":{"confidence_interval":{"confidence_level":0.95,"lower_bound":0.0030827402233539747,"upper_bound":0.010066917189505586},"point_estimate":0.0060970021286026466,"standard_error":0.0017577771496573899}}