{"mean":{"confidence_interval":{"confidence_level":0.95,"lower_bound":-0.008793495102469859,"upper_bound":0.004750457223271386},"point_estimate":-0.0019610804167981,"standard_error":0.003458857681224853},"median":{"confidence_interval":{"confidence_level":0.95,"lower_bound":-0.0021796886047630356,"upper_bound":0.006665142988124591},"point_estimate":0.003913439572452493,"standard_error":0.0023009700773976016}}