{"mean":{"confidence_interval":{"confidence_level":0.95,"lower_bound":11677752.680700002,"upper_bound":11867879.85635},"point_estimate":11770289.028000005,"standard_error":48390.54088738295},"median":{"confidence_interval":{"confidence_level":0.95,"lower_bound":11583865.399999999,"upper_bound":11729366.8},"point_estimate":11635944.399999999,"standard_error":36331.073233642186},"median_abs_dev":{"confidence_interval":{"confidence_level":0.95,"lower_bound":284718.0541652444,"upper_bound":505738.113015354},"point_estimate":371331.69288754434,"standard_error":53882.76580445811},"slope":null,"std_dev":{"confidence_interval":{"confidence_level":0.95,"lower_bound":402309.36318167055,"upper_bound":559363.1968126993},"point_estimate":487173.2659182018,"standard_error":40141.53366316089}}