{"mean":{"confidence_interval":{"confidence_level":0.95,"lower_bound":16361.814351969851,"upper_bound":16575.558356677073},"point_estimate":16463.471929525072,"standard_error":54.76284840555151},"median":{"confidence_interval":{"confidence_level":0.95,"lower_bound":16313.11448861751,"upper_bound":16479.668273866922},"point_estimate":16357.295102930693,"standard_error":35.041461243069136},"median_abs_dev":{"confidence_interval":{"confidence_level":0.95,"lower_bound":243.19363538833204,"upper_bound":448.02484466655693},"point_estimate":308.23366085322897,"standard_error":53.92707952363314},"slope":{"confidence_interval":{"confidence_level":0.95,"lower_bound":16357.282836033006,"upper_bound":16527.83101031358},"point_estimate":16440.97736716515,"standard_error":43.494239997342305},"std_dev":{"confidence_interval":{"confidence_level":0.95,"lower_bound":391.297201137399,"upper_bound":692.3292159746795},"point_estimate":549.6685736737936,"standard_error":77.07622330910415}}