{"mean":{"confidence_interval":{"confidence_level":0.95,"lower_bound":871.5514931754075,"upper_bound":877.2172616556728},"point_estimate":874.1109574681054,"standard_error":1.4494063044716814},"median":{"confidence_interval":{"confidence_level":0.95,"lower_bound":869.5771888533233,"upper_bound":873.4129324215608},"point_estimate":871.6575160212344,"standard_error":1.0986573230024992},"median_abs_dev":{"confidence_interval":{"confidence_level":0.95,"lower_bound":5.001791327381061,"upper_bound":8.614493735379588},"point_estimate":6.651636769020246,"standard_error":0.9041571906081456},"slope":{"confidence_interval":{"confidence_level":0.95,"lower_bound":870.6141412725417,"upper_bound":874.2401078859511},"point_estimate":872.3208190685929,"standard_error":0.9252904274239978},"std_dev":{"confidence_interval":{"confidence_level":0.95,"lower_bound":8.028893950832424,"upper_bound":21.23566090972663},"point_estimate":14.627679409098594,"standard_error":3.6615765868360692}}