{"mean":{"confidence_interval":{"confidence_level":0.95,"lower_bound":-0.011941920006163958,"upper_bound":0.005793804472796136},"point_estimate":-0.0028058803156981726,"standard_error":0.004521436357107532},"median":{"confidence_interval":{"confidence_level":0.95,"lower_bound":-0.0007736832251103998,"upper_bound":0.010761797351152236},"point_estimate":0.004531359730000961,"standard_error":0.00280681821574596}}