{"mean":{"confidence_interval":{"confidence_level":0.95,"lower_bound":-0.011408966051053461,"upper_bound":-0.0010805333432997355},"point_estimate":-0.0062295510658227915,"standard_error":0.002613027190317866},"median":{"confidence_interval":{"confidence_level":0.95,"lower_bound":-0.010208454620686425,"upper_bound":-0.0006476948212889022},"point_estimate":-0.0051475286689113275,"standard_error":0.002479664095759455}}