{"mean":{"confidence_interval":{"confidence_level":0.95,"lower_bound":0.0011694897338678798,"upper_bound":0.010411941391038798},"point_estimate":0.005719642876344633,"standard_error":0.002368200190965353},"median":{"confidence_interval":{"confidence_level":0.95,"lower_bound":0.0015957301455631345,"upper_bound":0.012374857451554169},"point_estimate":0.00781612525339015,"standard_error":0.002832733280975838}}