{"mean":{"confidence_interval":{"confidence_level":0.95,"lower_bound":0.0008519850596690804,"upper_bound":0.010659908689013153},"point_estimate":0.005749974669435165,"standard_error":0.002469934636188642},"median":{"confidence_interval":{"confidence_level":0.95,"lower_bound":-0.00041771510396341175,"upper_bound":0.010554874816315646},"point_estimate":0.004839525348051543,"standard_error":0.0027717552274467245}}