{"mean":{"confidence_interval":{"confidence_level":0.95,"lower_bound":-0.04149626553693364,"upper_bound":-0.015886694797368827},"point_estimate":-0.02779504494385221,"standard_error":0.006558877450332843},"median":{"confidence_interval":{"confidence_level":0.95,"lower_bound":-0.021168029439939118,"upper_bound":-0.0030012301360733407},"point_estimate":-0.009890720903114492,"standard_error":0.004569075980533113}}