{"mean":{"confidence_interval":{"confidence_level":0.95,"lower_bound":-0.005239250142013957,"upper_bound":0.0047604976291472255},"point_estimate":-0.00008931014477175925,"standard_error":0.0025450207451584396},"median":{"confidence_interval":{"confidence_level":0.95,"lower_bound":-0.006719074970671923,"upper_bound":0.00334250416180093},"point_estimate":-0.0025540295190943363,"standard_error":0.002603609297480374}}