{"mean":{"confidence_interval":{"confidence_level":0.95,"lower_bound":-0.0015790396423264574,"upper_bound":0.011495532619694625},"point_estimate":0.004524545579392525,"standard_error":0.003370350883924759},"median":{"confidence_interval":{"confidence_level":0.95,"lower_bound":-0.003539405086886771,"upper_bound":0.004772961869752734},"point_estimate":0.0017801307946754275,"standard_error":0.0020042087785212322}}