{"mean":{"confidence_interval":{"confidence_level":0.95,"lower_bound":-0.4294308606167515,"upper_bound":-0.41753598507582596},"point_estimate":-0.42390794240715435,"standard_error":0.0030261250435358444},"median":{"confidence_interval":{"confidence_level":0.95,"lower_bound":-0.433901970520936,"upper_bound":-0.4289030707978372},"point_estimate":-0.4307067682315012,"standard_error":0.0013209244328505876}}