{"mean":{"confidence_interval":{"confidence_level":0.95,"lower_bound":0.0038925824048147376,"upper_bound":0.014837878789093163},"point_estimate":0.009508685092567637,"standard_error":0.002806468765731132},"median":{"confidence_interval":{"confidence_level":0.95,"lower_bound":0.00282440992831412,"upper_bound":0.01794093667103411},"point_estimate":0.007939244382090038,"standard_error":0.003985806917331064}}