{"mean":{"confidence_interval":{"confidence_level":0.95,"lower_bound":0.011284613410886938,"upper_bound":0.034704898220074894},"point_estimate":0.022699480155378815,"standard_error":0.005965192064798281},"median":{"confidence_interval":{"confidence_level":0.95,"lower_bound":0.014560663428856868,"upper_bound":0.041161402325293306},"point_estimate":0.029546614735547205,"standard_error":0.00644191974250424}}