{"mean":{"confidence_interval":{"confidence_level":0.95,"lower_bound":16870.722569648708,"upper_bound":17082.828427455108},"point_estimate":16974.701620866308,"standard_error":54.14616820733909},"median":{"confidence_interval":{"confidence_level":0.95,"lower_bound":16851.49596448749,"upper_bound":17023.901386748843},"point_estimate":16957.6330068933,"standard_error":47.61066291586929},"median_abs_dev":{"confidence_interval":{"confidence_level":0.95,"lower_bound":371.98062730395895,"upper_bound":621.9961721099038},"point_estimate":499.4395902252111,"standard_error":62.891202609361116},"slope":{"confidence_interval":{"confidence_level":0.95,"lower_bound":16903.487141170335,"upper_bound":17072.097214868678},"point_estimate":16988.122526468178,"standard_error":42.96251451647853},"std_dev":{"confidence_interval":{"confidence_level":0.95,"lower_bound":441.745935014244,"upper_bound":638.072721338779},"point_estimate":542.7277688755643,"standard_error":50.31851694835749}}