{"mean":{"confidence_interval":{"confidence_level":0.95,"lower_bound":-0.012662482109095754,"upper_bound":0.0041517594746905894},"point_estimate":-0.004404245905768378,"standard_error":0.004317833902870573},"median":{"confidence_interval":{"confidence_level":0.95,"lower_bound":-0.010126536444000966,"upper_bound":0.006529341883676487},"point_estimate":-0.0019528161864516003,"standard_error":0.004206607139771504}}