{"mean":{"confidence_interval":{"confidence_level":0.95,"lower_bound":-0.060516444266060385,"upper_bound":-0.03928114954146186},"point_estimate":-0.0499458839331921,"standard_error":0.005428464392915855},"median":{"confidence_interval":{"confidence_level":0.95,"lower_bound":-0.0515281492049916,"upper_bound":-0.0337873656750165},"point_estimate":-0.042075804013646856,"standard_error":0.004488912356938262}}