{"mean":{"confidence_interval":{"confidence_level":0.95,"lower_bound":-0.12581887291969585,"upper_bound":-0.10039254700990273},"point_estimate":-0.11325554111778702,"standard_error":0.006470400333729375},"median":{"confidence_interval":{"confidence_level":0.95,"lower_bound":-0.12777793487560674,"upper_bound":-0.09616661407776972},"point_estimate":-0.11690640130323182,"standard_error":0.008760638518425847}}