{"mean":{"confidence_interval":{"confidence_level":0.95,"lower_bound":-0.26215194243648976,"upper_bound":-0.2077333905996785},"point_estimate":-0.23403794250797227,"standard_error":0.01388918742278864},"median":{"confidence_interval":{"confidence_level":0.95,"lower_bound":-0.2453313900813412,"upper_bound":-0.19334241199543978},"point_estimate":-0.21613646510431783,"standard_error":0.012528587744385391}}