{"mean":{"confidence_interval":{"confidence_level":0.95,"lower_bound":-0.34297667197497744,"upper_bound":-0.25435075268757695},"point_estimate":-0.29946915164817156,"standard_error":0.022678658366602718},"median":{"confidence_interval":{"confidence_level":0.95,"lower_bound":-0.2784195380025778,"upper_bound":-0.14846626708921096},"point_estimate":-0.19719742766545023,"standard_error":0.03659151522345754}}